id,name,field_of_study,email
STAFF057,VAL DAVIDDE,MARKETING,vdavidde1e@aol.com
STAFF058,SISSIE MACGIANY,SERVICES,smacgiany1f@twitpic.com
STAFF059,MARKUS HEMERIJK,ENGINEERING,mhemerijk1g@csmonitor.com
STAFF060,ANSEL MILLIONS,ACCOUNTING,amillions1h@edublogs.org
STAFF061,FRANCKLIN GIOVANNINI,LEGAL,fgiovannini1i@instagram.com
STAFF062,PRISCA ABELEVITZ,HUMAN RESOURCES,pabelevitz1j@yellowbook.com
STAFF063,CHRISTYNA JINKIN,HUMAN RESOURCES,cjinkin1k@devhub.com
STAFF064,ALGERNON TOMET,BUSINESS DEVELOPMENT,atomet1l@amazon.com
STAFF065,ALI JANICEK,ENGINEERING,ajanicek1m@exblog.jp
STAFF066,VASSILY COLLOP,ENGINEERING,vcollop1n@uol.com.br
STAFF067,CANDACE NANNIZZI,HUMAN RESOURCES,cnannizzi1o@altervista.org
STAFF068,OREN SEXTY,HUMAN RESOURCES,osexty1p@symantec.com
STAFF069,AUGUSTIN HOWLINGS,TRAINING,ahowlings1q@wiley.com
STAFF070,HALE YARD,SERVICES,hyard1r@blog.com
STAFF071,ANYA CUBBINELLI,RESEARCH AND DEVELOPMENT,acubbinelli1s@wired.com
STAFF072,RHIANNA ADAM,SUPPORT,radam1t@dion.ne.jp
STAFF073,STANFORD BOOLEY,SALES,sbooley1u@about.com
STAFF074,TREY TITHACOTT,RESEARCH AND DEVELOPMENT,ttithacott1v@prweb.com
STAFF075,JONI AGRONSKI,BUSINESS DEVELOPMENT,jagronski1w@boston.com
STAFF077,KELE DE BIASI,HUMAN RESOURCES,kde1x@xing.com
STAFF078,CELLO SPRAGUE,RESEARCH AND DEVELOPMENT,csprague1y@ihg.com
STAFF079,CAREY PINEL,LEGAL,cpinel1z@ox.ac.uk
STAFF080,MAL STARBUCK,ACCOUNTING,mstarbuck20@imdb.com
STAFF081,BRIANO LENAGHEN,TRAINING,blenaghen21@bbb.org
STAFF082,TREY DURRAND,ENGINEERING,tdurrand22@google.it
STAFF083,BRICE ZIMMERMAN,MARKETING,bzimmerman23@forbes.com
STAFF084,MOISES ROTHERHAM,TRAINING,mrotherham24@un.org
STAFF085,LARINE TITFORD,PRODUCT MANAGEMENT,ltitford25@ning.com
STAFF087,RIVA HUDDLESTONE,SERVICES,rhuddlestone26@bigcartel.com
STAFF088,ARCHIBALDO SOUTHOUSE,MARKETING,asouthouse27@newsvine.com
STAFF089,OLAG CASER,BUSINESS DEVELOPMENT,ocaser28@constantcontact.com
STAFF090,COBBY JONES,ENGINEERING,cjones29@unicef.org
STAFF091,ARDELLE STELLJES,PRODUCT MANAGEMENT,astelljes2a@photobucket.com
STAFF092,KELSEY MORL,ACCOUNTING,kmorl2b@jimdo.com
STAFF093,TOBEY CHERRISON,LEGAL,tcherrison2c@wordpress.org
STAFF094,BUDDIE WILLCOCKS,BUSINESS DEVELOPMENT,bwillcocks2d@youtube.com
STAFF095,RYON LEYBURN,HUMAN RESOURCES,rleyburn2e@e-recht24.de
STAFF096,DAISEY SIMON,BUSINESS DEVELOPMENT,dsimon2f@google.co.jp
STAFF097,ARDITH HOUSEMAN,TRAINING,ahouseman2g@scientificamerican.com
STAFF098,MORRY FRANKCOMBE,LEGAL,mfrankcombe2h@soup.io
STAFF099,MARCELA LOWNDSBOROUGH,SERVICES,mlowndsborough2i@apache.org
STAFF100,GEORAS MOUATT,SALES,gmouatt2j@nature.com
STAFF101,GIFFY TWEDDELL,SERVICES,gtweddell2k@dion.ne.jp
STAFF102,GABRIELLO RESUN,SALES,gresun2l@hc360.com
STAFF103,DORRI VILLIERS,RESEARCH AND DEVELOPMENT,dvilliers2m@mapy.cz
STAFF104,GWENETH KILMISTER,ACCOUNTING,gkilmister2n@nytimes.com
STAFF105,DILLY COMETTOI,LEGAL,dcomettoi2o@devhub.com
STAFF106,WILFRED OHM,SALES,wohm2p@psu.edu
STAFF107,NICKY CLEMENTEL,ENGINEERING,nclementel2q@examiner.com
STAFF108,ROSANNA WARRY,ACCOUNTING,rwarry2r@japanpost.jp
